Date,Close
2007-09-04,144.16
2007-09-05,136.76
2007-09-06,135.01
2007-09-07,131.77
2007-09-10,136.71
2007-09-11,135.49
2007-09-12,136.85
2007-09-13,137.2
2007-09-14,138.81
2007-09-17,138.41
2007-09-18,140.92
2007-09-19,140.7699
2007-09-20,140.31
2007-09-21,144.15
2007-09-24,148.28
2007-09-25,153.18
2007-09-26,152.77
2007-09-27,154.5
2007-09-28,153.47
2007-10-01,156.339
2007-10-02,158.45
2007-10-03,157.9201
2007-10-04,156.24
2007-10-05,161.4499
2007-10-08,167.91
2007-10-09,167.86
2007-10-10,166.79
2007-10-11,162.23
2007-10-12,167.2537
2007-10-15,166.98
2007-10-16,169.58
2007-10-17,172.75
2007-10-18,173.5
2007-10-19,170.42
2007-10-22,174.36
2007-10-23,186.16
2007-10-24,185.93
2007-10-25,182.78
2007-10-26,184.7
2007-10-29,185.09
2007-10-30,187.0
2007-10-31,189.95
2007-11-01,187.44
2007-11-02,187.87
2007-11-05,186.18
2007-11-06,191.79
2007-11-07,186.2999
2007-11-08,175.4663
2007-11-09,165.37
2007-11-12,153.76
2007-11-13,169.96
2007-11-14,166.11
2007-11-15,164.3
2007-11-16,166.39
2007-11-19,163.95
2007-11-20,168.85
2007-11-21,168.46
2007-11-23,171.54
2007-11-26,172.5419
2007-11-27,174.81
2007-11-28,180.22
2007-11-29,184.29
2007-11-30,182.22
2007-12-03,178.86
2007-12-04,179.81
2007-12-05,185.5
2007-12-06,189.9528
2007-12-07,194.3
2007-12-10,194.21
2007-12-11,188.5404
2007-12-12,190.86
2007-12-13,191.83
2007-12-14,190.39
2007-12-17,184.4
2007-12-18,182.98
2007-12-19,183.12
2007-12-20,187.21
2007-12-21,193.91
2007-12-24,198.8
2007-12-26,198.95
2007-12-27,198.57
2007-12-28,199.83
2007-12-31,198.08
2008-01-02,194.84
2008-01-03,194.93
2008-01-04,180.05
2008-01-07,177.64
2008-01-08,171.25
2008-01-09,179.4
2008-01-10,178.02
2008-01-11,172.69
2008-01-14,178.78
2008-01-15,169.04
2008-01-16,159.64
2008-01-17,160.89
2008-01-18,161.36
2008-01-22,155.64
2008-01-23,139.072
2008-01-24,135.6
2008-01-25,130.01
2008-01-28,130.01
2008-01-29,131.54
2008-01-30,132.18
2008-01-31,135.36
2008-02-01,133.75
2008-02-04,131.65
2008-02-05,129.36
2008-02-06,122.0
2008-02-07,121.24
2008-02-08,125.48
2008-02-11,129.45
2008-02-12,124.86
2008-02-13,129.4
2008-02-14,127.46
2008-02-15,124.63
2008-02-19,122.18
2008-02-20,123.82
2008-02-21,121.54
2008-02-22,119.46
2008-02-25,119.74
2008-02-26,119.15
2008-02-27,122.96
2008-02-28,129.91
2008-02-29,125.02
2008-03-03,121.73
2008-03-04,124.62
2008-03-05,124.4899
2008-03-06,120.93
2008-03-07,122.25
2008-03-10,119.69
2008-03-11,127.3501
2008-03-12,126.03
2008-03-13,127.94
2008-03-14,126.61
2008-03-17,126.73
2008-03-18,132.82
2008-03-19,129.67
2008-03-20,133.27
2008-03-24,139.53
2008-03-25,140.98
2008-03-26,145.06
2008-03-27,140.25
2008-03-28,143.01
2008-03-31,143.5
2008-04-01,149.5301
2008-04-02,147.49
2008-04-03,151.61
2008-04-04,153.08
2008-04-07,155.89
2008-04-08,152.84
2008-04-09,151.44
2008-04-10,154.55
2008-04-11,147.14
2008-04-14,147.78
2008-04-15,148.38
2008-04-16,153.7
2008-04-17,154.49
2008-04-18,161.04
2008-04-21,168.16
2008-04-22,160.2
2008-04-23,162.89
2008-04-24,168.94
2008-04-25,169.73
2008-04-28,172.24
2008-04-29,175.05
2008-04-30,173.95
2008-05-01,180.0
2008-05-02,180.94
2008-05-05,184.73
2008-05-06,186.66
2008-05-07,182.59
2008-05-08,185.06
2008-05-09,183.45
2008-05-12,188.16
2008-05-13,189.96
2008-05-14,186.26
2008-05-15,189.73
2008-05-16,187.6201
2008-05-19,183.6
2008-05-20,185.9
2008-05-21,178.19
2008-05-22,177.05
2008-05-23,181.17
2008-05-27,186.43
2008-05-28,187.01
2008-05-29,186.69
2008-05-30,188.75
2008-06-02,186.1
2008-06-03,185.37
2008-06-04,185.19
2008-06-05,189.43
2008-06-06,185.64
2008-06-09,181.61
2008-06-10,185.64
2008-06-11,180.81
2008-06-12,173.26
2008-06-13,172.37
2008-06-16,176.84
2008-06-17,181.43
2008-06-18,178.75
2008-06-19,180.9
2008-06-20,175.27
2008-06-23,173.16
2008-06-24,173.25
2008-06-25,177.39
2008-06-26,168.26
2008-06-27,170.09
2008-06-30,167.44
2008-07-01,174.68
2008-07-02,168.18
2008-07-03,170.12
2008-07-07,175.16
2008-07-08,179.55
2008-07-09,174.25
2008-07-10,176.63
2008-07-11,172.58
2008-07-14,173.88
2008-07-15,169.64
2008-07-16,172.81
2008-07-17,171.81
2008-07-18,165.15
2008-07-21,166.29
2008-07-22,162.02
2008-07-23,166.26
2008-07-24,159.03
2008-07-25,162.12
2008-07-28,154.4
2008-07-29,157.08
2008-07-30,159.88
2008-07-31,158.95
2008-08-01,156.66
2008-08-04,153.23
2008-08-05,160.64
2008-08-06,164.19
2008-08-07,163.57
2008-08-08,169.55
2008-08-11,173.56
2008-08-12,176.73
2008-08-13,179.3
2008-08-14,179.32
2008-08-15,175.74
2008-08-18,175.39
2008-08-19,173.53
2008-08-20,175.84
2008-08-21,174.29
2008-08-22,176.79
2008-08-25,172.55
2008-08-26,173.64
2008-08-27,174.67
2008-08-28,173.74
2008-08-29,169.53
2008-09-02,166.19
2008-09-03,166.96
2008-09-04,161.22
2008-09-05,160.18
2008-09-08,157.92
2008-09-09,151.68
2008-09-10,151.61
2008-09-11,152.65
2008-09-12,148.94
2008-09-15,140.36
2008-09-16,139.88
2008-09-17,127.83
2008-09-18,134.09
2008-09-19,140.91
2008-09-22,131.05
2008-09-23,126.84
2008-09-24,128.71
2008-09-25,131.93
2008-09-26,128.24
2008-09-29,105.26
2008-09-30,113.66
2008-10-01,109.12
2008-10-02,100.1
2008-10-03,97.07
2008-10-06,98.14
2008-10-07,89.16
2008-10-08,89.79
2008-10-09,88.74
2008-10-10,96.8
2008-10-13,110.26
2008-10-14,104.08
2008-10-15,97.95
2008-10-16,101.89
2008-10-17,97.4
2008-10-20,98.44
2008-10-21,91.49
2008-10-22,96.87
2008-10-23,98.23
2008-10-24,96.38
2008-10-27,92.09
2008-10-28,99.91
2008-10-29,104.55
2008-10-30,111.04
2008-10-31,107.59
2008-11-03,106.96
2008-11-04,110.99
2008-11-05,103.3
2008-11-06,99.1
2008-11-07,98.24
2008-11-10,95.88
2008-11-11,94.77
2008-11-12,90.12
2008-11-13,96.44
2008-11-14,90.24
2008-11-17,88.14
2008-11-18,89.91
2008-11-19,86.29
2008-11-20,80.49
2008-11-21,82.58
2008-11-24,92.95
2008-11-25,90.8
2008-11-26,95.0
2008-11-28,92.67
2008-12-01,88.93
2008-12-02,92.47
2008-12-03,95.9
2008-12-04,91.41
2008-12-05,94.0
2008-12-08,99.72
2008-12-09,100.06
2008-12-10,98.21
2008-12-11,95.0
2008-12-12,98.27
2008-12-15,94.75
2008-12-16,95.43
2008-12-17,89.16
2008-12-18,89.43
2008-12-19,90.0
2008-12-22,85.74
2008-12-23,86.38
2008-12-24,85.04
2008-12-26,85.81
2008-12-29,86.61
2008-12-30,86.29
2008-12-31,85.35
2009-01-02,90.75
2009-01-05,94.58
2009-01-06,93.02
2009-01-07,91.01
2009-01-08,92.7
2009-01-09,90.58
2009-01-12,88.66
2009-01-13,87.71
2009-01-14,85.33
2009-01-15,83.38
2009-01-16,82.33
2009-01-20,78.2
2009-01-21,82.83
2009-01-22,88.36
2009-01-23,88.36
2009-01-26,89.64
2009-01-27,90.73
2009-01-28,94.2
2009-01-29,93.0
2009-01-30,90.13
2009-02-02,91.51
2009-02-03,92.98
2009-02-04,93.55
2009-02-05,96.46
2009-02-06,99.72
2009-02-09,102.51
2009-02-10,97.83
2009-02-11,96.82
2009-02-12,99.27
2009-02-13,99.16
2009-02-17,94.53
2009-02-18,94.37
2009-02-19,90.64
2009-02-20,91.2
2009-02-23,86.95
2009-02-24,90.25
2009-02-25,91.16
2009-02-26,89.19
2009-02-27,89.31
2009-03-02,87.94
2009-03-03,88.37
2009-03-04,91.17
2009-03-05,88.84
2009-03-06,85.3
2009-03-09,83.11
2009-03-10,88.6275
2009-03-11,92.68
2009-03-12,96.35
2009-03-13,95.93
2009-03-16,95.42
2009-03-17,99.66
2009-03-18,101.52
2009-03-19,101.62
2009-03-20,101.59
2009-03-23,107.66
2009-03-24,106.83
2009-03-25,106.49
2009-03-26,109.87
2009-03-27,106.85
2009-03-30,104.49
2009-03-31,105.12
2009-04-01,108.69
2009-04-02,112.71
2009-04-03,115.99
2009-04-06,118.45
2009-04-07,115.0
2009-04-08,116.32
2009-04-09,119.57
2009-04-13,120.22
2009-04-14,118.31
2009-04-15,117.64
2009-04-16,121.45
2009-04-17,123.42
2009-04-20,120.5
2009-04-21,121.76
2009-04-22,121.51
2009-04-23,125.4
2009-04-24,123.9
2009-04-27,124.73
2009-04-28,123.902
2009-04-29,125.14
2009-04-30,125.83
2009-05-01,127.24
2009-05-04,132.07
2009-05-05,132.71
2009-05-06,132.5
2009-05-07,129.06
2009-05-08,129.19
2009-05-11,129.57
2009-05-12,124.42
2009-05-13,119.49
2009-05-14,122.95
2009-05-15,122.42
2009-05-18,126.65
2009-05-19,127.45
2009-05-20,125.87
2009-05-21,124.18
2009-05-22,122.5
2009-05-26,130.78
2009-05-27,133.05
2009-05-28,135.07
2009-05-29,135.81
2009-06-01,139.35
2009-06-02,139.49
2009-06-03,140.95
2009-06-04,143.74
2009-06-05,144.67
2009-06-08,143.85
2009-06-09,142.72
2009-06-10,140.25
2009-06-11,139.95
2009-06-12,136.97
2009-06-15,136.09
2009-06-16,136.35
2009-06-17,135.58
2009-06-18,135.88
2009-06-19,139.48
2009-06-22,137.37
2009-06-23,134.01
2009-06-24,136.22
2009-06-25,139.86
2009-06-26,142.44
2009-06-29,141.97
2009-06-30,142.43
2009-07-01,142.83
2009-07-02,140.02
2009-07-06,138.61
2009-07-07,135.4
2009-07-08,137.22
2009-07-09,136.36
2009-07-10,138.52
2009-07-13,142.34
2009-07-14,142.27
2009-07-15,146.88
2009-07-16,147.52
2009-07-17,151.75
2009-07-20,152.909
2009-07-21,151.51
2009-07-22,156.74
2009-07-23,157.82
2009-07-24,159.986
2009-07-27,160.1
2009-07-28,160.0
2009-07-29,160.03
2009-07-30,162.79
2009-07-31,163.39
2009-08-03,166.43
2009-08-04,165.55
2009-08-05,165.11
2009-08-06,163.91
2009-08-07,165.51
2009-08-10,164.72
2009-08-11,162.83
2009-08-12,165.31
2009-08-13,168.42
2009-08-14,166.78
2009-08-17,159.59
2009-08-18,164.0
2009-08-19,164.6
2009-08-20,166.33
2009-08-21,169.22
2009-08-24,169.06
2009-08-25,169.4
2009-08-26,167.41
2009-08-27,169.45
2009-08-28,170.05
2009-08-31,168.21
2009-09-01,165.298
2009-09-02,165.18
2009-09-03,166.55
2009-09-04,170.31
2009-09-08,172.93
2009-09-09,171.14
2009-09-10,172.56
2009-09-11,172.16
2009-09-14,173.72
2009-09-15,175.16
2009-09-16,181.87
2009-09-17,184.55
2009-09-18,185.02
2009-09-21,184.02
2009-09-22,184.48
2009-09-23,185.5
2009-09-24,183.82
2009-09-25,182.37
2009-09-28,186.1519
2009-09-29,185.38
2009-09-30,185.35
2009-10-01,180.8599
2009-10-02,184.9
2009-10-05,186.024
2009-10-06,190.01
2009-10-07,190.25
2009-10-08,189.27
2009-10-09,190.47
2009-10-12,190.81
2009-10-13,190.02
2009-10-14,191.29
2009-10-15,190.56
2009-10-16,188.05
2009-10-19,189.86
2009-10-20,198.76
2009-10-21,204.92
2009-10-22,205.2
2009-10-23,203.94
2009-10-26,202.48
2009-10-27,197.37
2009-10-28,192.4
2009-10-29,196.35
2009-10-30,188.5
2009-11-02,189.31
2009-11-03,188.75
2009-11-04,190.81
2009-11-05,194.0301
2009-11-06,194.34
2009-11-09,201.46
2009-11-10,202.98
2009-11-11,203.25
2009-11-12,201.99
2009-11-13,204.45
2009-11-16,206.63
2009-11-17,207.0
2009-11-18,205.96
2009-11-19,200.51
2009-11-20,199.92
2009-11-23,205.88
2009-11-24,204.44
2009-11-25,204.19
2009-11-27,200.59
2009-11-30,199.91
2009-12-01,196.97
2009-12-02,196.23
2009-12-03,196.48
2009-12-04,193.32
2009-12-07,188.95
2009-12-08,189.87
2009-12-09,197.8
2009-12-10,196.43
2009-12-11,194.67
2009-12-14,196.98
2009-12-15,194.17
2009-12-16,195.03
2009-12-17,191.86
2009-12-18,195.43
2009-12-21,198.23
2009-12-22,200.36
2009-12-23,202.1
2009-12-24,209.04
2009-12-28,211.61
2009-12-29,209.1
2009-12-30,211.64
2009-12-31,210.732
2010-01-04,214.01
2010-01-05,214.38
2010-01-06,210.97
2010-01-07,210.58
2010-01-08,211.98
2010-01-11,210.11
2010-01-12,207.72
2010-01-13,210.65
2010-01-14,209.43
2010-01-15,205.93
2010-01-19,215.04
2010-01-20,211.725
2010-01-21,208.072
2010-01-22,197.75
2010-01-25,203.075
2010-01-26,205.94
2010-01-27,207.884
2010-01-28,199.29
2010-01-29,192.063
2010-02-01,194.73
2010-02-02,195.86
2010-02-03,199.23
2010-02-04,192.05
2010-02-05,195.46
2010-02-08,194.12
2010-02-09,196.19
2010-02-10,195.116
2010-02-11,198.67
2010-02-12,200.38
2010-02-16,203.4
2010-02-17,202.55
2010-02-18,202.928
2010-02-19,201.67
2010-02-22,200.416
2010-02-23,197.059
2010-02-24,200.656
2010-02-25,202.0
2010-02-26,204.62
2010-03-01,208.99
2010-03-02,208.85
2010-03-03,209.33
2010-03-04,210.71
2010-03-05,218.95
2010-03-08,219.08
2010-03-09,223.02
2010-03-10,224.84
2010-03-11,225.5
2010-03-12,226.6
2010-03-15,223.84
2010-03-16,224.45
2010-03-17,224.12
2010-03-18,224.65
2010-03-19,222.2499
2010-03-22,224.75
2010-03-23,228.36
2010-03-24,229.37
2010-03-25,226.65
2010-03-26,230.9
2010-03-29,232.39
2010-03-30,235.845
2010-03-31,235.0
2010-04-01,235.97
2010-04-05,238.49
2010-04-06,239.54
2010-04-07,240.6
2010-04-08,239.95
2010-04-09,241.79
2010-04-12,242.29
2010-04-13,242.43
2010-04-14,245.69
2010-04-15,248.92
2010-04-16,247.4
2010-04-19,247.07
2010-04-20,244.59
2010-04-21,259.22
2010-04-22,266.4695
2010-04-23,270.83
2010-04-26,269.5
2010-04-27,262.04
2010-04-28,261.6
2010-04-29,268.64
2010-04-30,261.09
2010-05-03,266.35
2010-05-04,258.68
2010-05-05,255.985
2010-05-06,246.25
2010-05-07,235.86
2010-05-10,253.99
2010-05-11,256.52
2010-05-12,262.09
2010-05-13,258.36
2010-05-14,253.82
2010-05-17,254.22
2010-05-18,252.36
2010-05-19,248.34
2010-05-20,237.76
2010-05-21,242.32
2010-05-24,246.76
2010-05-25,245.22
2010-05-26,244.109
2010-05-27,253.35
2010-05-28,256.88
2010-06-01,260.83
2010-06-02,263.95
2010-06-03,263.12
2010-06-04,255.965
2010-06-07,250.94
2010-06-08,249.33
2010-06-09,243.2
2010-06-10,250.51
2010-06-11,253.51
2010-06-14,254.28
2010-06-15,259.69
2010-06-16,267.25
2010-06-17,271.87
2010-06-18,274.074
2010-06-21,270.17
2010-06-22,273.85
2010-06-23,270.97
2010-06-24,269.0
2010-06-25,266.7
2010-06-28,268.3
2010-06-29,256.17
2010-06-30,251.53
2010-07-01,248.48
2010-07-02,246.94
2010-07-06,248.63
2010-07-07,258.665
2010-07-08,258.09
2010-07-09,259.62
2010-07-12,257.285
2010-07-13,251.798
2010-07-14,252.727
2010-07-15,251.45
2010-07-16,249.9
2010-07-19,245.58
2010-07-20,251.89
2010-07-21,254.24
2010-07-22,259.024
2010-07-23,259.94
2010-07-26,259.28
2010-07-27,264.08
2010-07-28,260.96
2010-07-29,258.11
2010-07-30,257.25
2010-08-02,261.85
2010-08-03,261.93
2010-08-04,262.98
2010-08-05,261.7
2010-08-06,260.091
2010-08-09,261.75
2010-08-10,259.41
2010-08-11,250.19
2010-08-12,251.79
2010-08-13,249.1
2010-08-16,247.64
2010-08-17,251.97
2010-08-18,253.07
2010-08-19,249.88
2010-08-20,249.64
2010-08-23,245.8
2010-08-24,239.93
2010-08-25,242.89
2010-08-26,240.28
2010-08-27,241.62
2010-08-30,242.5
2010-08-31,243.1
2010-09-01,250.33
2010-09-02,252.17
2010-09-03,258.77
2010-09-07,257.81
2010-09-08,262.92
2010-09-09,263.07
2010-09-10,263.41
2010-09-13,267.04
2010-09-14,268.06
2010-09-15,270.22
2010-09-16,276.57
2010-09-17,275.37
2010-09-20,283.23
2010-09-21,283.77
2010-09-22,287.75
2010-09-23,288.92
2010-09-24,292.32
2010-09-27,291.164
2010-09-28,286.86
2010-09-29,287.37
2010-09-30,283.75
2010-10-01,282.52
2010-10-04,278.64
2010-10-05,288.94
2010-10-06,289.19
2010-10-07,289.22
2010-10-08,294.07
2010-10-11,295.36
2010-10-12,298.54
2010-10-13,300.14
2010-10-14,302.31
2010-10-15,314.74
2010-10-18,318.0
2010-10-19,309.49
2010-10-20,310.53
2010-10-21,309.52
2010-10-22,307.47
2010-10-25,308.84
2010-10-26,308.05
2010-10-27,307.83
2010-10-28,305.24
2010-10-29,300.98
2010-11-01,304.18
2010-11-02,309.36
2010-11-03,312.8
2010-11-04,318.27
2010-11-05,317.13
2010-11-08,318.62
2010-11-09,316.08
2010-11-10,318.03
2010-11-11,316.655
2010-11-12,308.03
2010-11-15,307.035
2010-11-16,301.59
2010-11-17,300.5
2010-11-18,308.43
2010-11-19,306.73
2010-11-22,313.36
2010-11-23,308.73
2010-11-24,314.795
2010-11-26,315.0
2010-11-29,316.87
2010-11-30,311.15
2010-12-01,316.4
2010-12-02,318.15
2010-12-03,317.44
2010-12-06,320.15
2010-12-07,318.21
2010-12-08,321.01
2010-12-09,319.7575
2010-12-10,320.56
2010-12-13,321.67
2010-12-14,320.29
2010-12-15,320.36
2010-12-16,321.25
2010-12-17,320.61
2010-12-20,322.21
2010-12-21,324.205
2010-12-22,325.16
2010-12-23,323.6
2010-12-27,324.68
2010-12-28,325.47
2010-12-29,325.29
2010-12-30,323.66
2010-12-31,322.56
2011-01-03,329.57
2011-01-04,331.29
2011-01-05,334.0
2011-01-06,333.73
2011-01-07,336.12
2011-01-10,342.455
2011-01-11,341.64
2011-01-12,344.42
2011-01-13,345.68
2011-01-14,348.48
2011-01-18,340.65
2011-01-19,338.84
2011-01-20,332.68
2011-01-21,326.72
2011-01-24,337.45
2011-01-25,341.4
2011-01-26,343.85
2011-01-27,343.21
2011-01-28,336.1
2011-01-31,339.32
2011-02-01,345.03
2011-02-02,344.32
2011-02-03,343.44
2011-02-04,346.5
2011-02-07,351.88
2011-02-08,355.2
2011-02-09,358.16
2011-02-10,354.54
2011-02-11,356.85
2011-02-14,359.18
2011-02-15,359.9
2011-02-16,363.13
2011-02-17,358.3
2011-02-18,350.56
2011-02-22,338.61
2011-02-23,342.62
2011-02-24,342.88
2011-02-25,348.16
2011-02-28,353.21
2011-03-01,349.31
2011-03-02,352.12
2011-03-03,359.56
2011-03-04,360.0
2011-03-07,355.36
2011-03-08,355.76
2011-03-09,352.47
2011-03-10,346.67
2011-03-11,351.99
2011-03-14,353.56
2011-03-15,345.43
2011-03-16,330.01
2011-03-17,334.64
2011-03-18,330.67
2011-03-21,339.3
2011-03-22,341.2
2011-03-23,339.19
2011-03-24,344.97
2011-03-25,351.54
2011-03-28,350.44
2011-03-29,350.96
2011-03-30,348.63
2011-03-31,348.5075
2011-04-01,344.56
2011-04-04,341.19
2011-04-05,338.89
2011-04-06,338.04
2011-04-07,338.08
2011-04-08,335.06
2011-04-11,330.8
2011-04-12,332.4
2011-04-13,336.13
2011-04-14,332.42
2011-04-15,327.46
2011-04-18,331.85
2011-04-19,337.86
2011-04-20,342.41
2011-04-21,350.696
2011-04-25,353.009
2011-04-26,350.42
2011-04-27,350.15
2011-04-28,346.75
2011-04-29,350.13
2011-05-02,346.28
2011-05-03,348.2
2011-05-04,349.57
2011-05-05,346.75
2011-05-06,346.66
2011-05-09,347.6
2011-05-10,349.45
2011-05-11,347.23
2011-05-12,346.57
2011-05-13,340.5
2011-05-16,333.3
2011-05-17,336.14
2011-05-18,339.87
2011-05-19,340.53
2011-05-20,335.22
2011-05-23,334.4
2011-05-24,332.19
2011-05-25,336.78
2011-05-26,335.0
2011-05-27,337.41
2011-05-31,347.83
2011-06-01,345.51
2011-06-02,346.102
2011-06-03,343.44
2011-06-06,338.04
2011-06-07,332.04
2011-06-08,332.24
2011-06-09,331.49
2011-06-10,325.9
2011-06-13,326.6
2011-06-14,332.44
2011-06-15,326.75
2011-06-16,325.16
2011-06-17,320.26
2011-06-20,315.32
2011-06-21,325.3
2011-06-22,322.61
2011-06-23,331.23
2011-06-24,326.35
2011-06-27,332.04
2011-06-28,335.26
2011-06-29,334.04
2011-06-30,335.67
2011-07-01,343.26
2011-07-05,349.43
2011-07-06,351.76
2011-07-07,357.2
2011-07-08,359.71
2011-07-11,354.0
2011-07-12,353.75
2011-07-13,358.02
2011-07-14,357.77
2011-07-15,364.92
2011-07-18,373.8
2011-07-19,376.85
2011-07-20,386.9
2011-07-21,387.29
2011-07-22,393.3
2011-07-25,398.5
2011-07-26,403.41
2011-07-27,392.59
2011-07-28,391.82
2011-07-29,390.48
2011-08-01,396.75
2011-08-02,388.91
2011-08-03,392.57
2011-08-04,377.37
2011-08-05,373.62
2011-08-08,353.21
2011-08-09,374.01
2011-08-10,363.69
2011-08-11,373.7
2011-08-12,376.99
2011-08-15,383.41
2011-08-16,380.48
2011-08-17,380.44
2011-08-18,366.05
2011-08-19,356.03
2011-08-22,356.44
2011-08-23,373.6
2011-08-24,376.18
2011-08-25,373.72
2011-08-26,383.58
2011-08-29,389.97
2011-08-30,389.99
2011-08-31,384.83
2011-09-01,381.03
2011-09-02,374.05
2011-09-06,379.74
2011-09-07,383.93
2011-09-08,384.14
2011-09-09,377.48
2011-09-12,379.94
2011-09-13,384.62
2011-09-14,389.3
2011-09-15,392.96
2011-09-16,400.5
2011-09-19,411.63
2011-09-20,413.45
2011-09-21,412.14
2011-09-22,401.82
2011-09-23,404.3
2011-09-26,403.17
2011-09-27,399.26
2011-09-28,397.01
2011-09-29,390.57
2011-09-30,381.32
2011-10-03,374.6
2011-10-04,372.5
2011-10-05,378.25
2011-10-06,377.37
2011-10-07,369.8
2011-10-10,388.81
2011-10-11,400.29
2011-10-12,402.19
2011-10-13,408.43
2011-10-14,422.0
2011-10-17,419.99
2011-10-18,422.24
2011-10-19,398.62
2011-10-20,395.31
2011-10-21,392.87
2011-10-24,405.77
2011-10-25,397.77
2011-10-26,400.6
2011-10-27,404.69
2011-10-28,404.95
2011-10-31,404.78
2011-11-01,396.51
2011-11-02,397.41
2011-11-03,403.07
2011-11-04,400.24
2011-11-07,399.73
2011-11-08,406.23
2011-11-09,395.28
2011-11-10,385.22
2011-11-11,384.62
2011-11-14,379.26
2011-11-15,388.83
2011-11-16,384.77
2011-11-17,377.41
2011-11-18,374.94
2011-11-21,369.01
2011-11-22,376.51
2011-11-23,366.99
2011-11-25,363.57
2011-11-28,376.12
2011-11-29,373.2
2011-11-30,382.2
2011-12-01,387.93
2011-12-02,389.7
2011-12-05,393.01
2011-12-06,390.95
2011-12-07,389.09
2011-12-08,390.66
2011-12-09,393.62
2011-12-12,391.84
2011-12-13,388.81
2011-12-14,380.19
2011-12-15,378.94
2011-12-16,381.02
2011-12-19,382.21
2011-12-20,395.95
2011-12-21,396.445
2011-12-22,398.55
2011-12-23,403.33
2011-12-27,406.53
2011-12-28,402.64
2011-12-29,405.12
2011-12-30,405.0
2012-01-03,411.23
2012-01-04,413.44
2012-01-05,418.03
2012-01-06,422.4
2012-01-09,421.73
2012-01-10,423.24
2012-01-11,422.55
2012-01-12,421.39
2012-01-13,419.81
2012-01-17,424.7
2012-01-18,429.11
2012-01-19,427.75
2012-01-20,420.3
2012-01-23,427.409
2012-01-24,420.41
2012-01-25,446.66
2012-01-26,444.63
2012-01-27,447.28
2012-01-30,453.01
2012-01-31,456.48
2012-02-01,456.19
2012-02-02,455.12
2012-02-03,459.68
2012-02-06,463.97
2012-02-07,468.83
2012-02-08,476.68
2012-02-09,493.17
2012-02-10,493.42
2012-02-13,502.6
2012-02-14,509.46
2012-02-15,497.67
2012-02-16,502.21
2012-02-17,502.12
2012-02-21,514.85
2012-02-22,513.04
2012-02-23,516.39
2012-02-24,522.41
2012-02-27,525.76
2012-02-28,535.41
2012-02-29,542.44
2012-03-01,544.47
2012-03-02,545.18
2012-03-05,533.16
2012-03-06,530.26
2012-03-07,530.69
2012-03-08,541.99
2012-03-09,545.17
2012-03-12,552.0
2012-03-13,568.1
2012-03-14,589.58
2012-03-15,585.56
2012-03-16,585.57
2012-03-19,601.1
2012-03-20,605.96
2012-03-21,602.5
2012-03-22,599.34
2012-03-23,596.05
2012-03-26,606.98
2012-03-27,614.48
2012-03-28,617.62
2012-03-29,609.86
2012-03-30,599.55
2012-04-02,618.63
2012-04-03,629.32
2012-04-04,624.31
2012-04-05,633.68
2012-04-09,636.23
2012-04-10,628.44
2012-04-11,626.2
2012-04-12,622.77
2012-04-13,605.23
2012-04-16,580.13
2012-04-17,609.7
2012-04-18,608.34
2012-04-19,587.44
2012-04-20,572.98
2012-04-23,571.7
2012-04-24,560.28
2012-04-25,610.0
2012-04-26,607.7
2012-04-27,603.0
2012-04-30,583.98
2012-05-01,582.13
2012-05-02,585.98
2012-05-03,581.82
2012-05-04,565.25
2012-05-07,569.48
2012-05-08,568.18
2012-05-09,569.18
2012-05-10,570.52
2012-05-11,566.71
2012-05-14,558.22
2012-05-15,553.17
2012-05-16,546.075
2012-05-17,530.12
2012-05-18,530.38
2012-05-21,561.28
2012-05-22,556.97
2012-05-23,570.56
2012-05-24,565.32
2012-05-25,562.29
2012-05-29,572.27
2012-05-30,579.17
2012-05-31,577.73
2012-06-01,560.99
2012-06-04,564.29
2012-06-05,562.83
2012-06-06,571.46
2012-06-07,571.72
2012-06-08,580.32
2012-06-11,571.17
2012-06-12,576.16
2012-06-13,572.16
2012-06-14,571.53
2012-06-15,574.13
2012-06-18,585.78
2012-06-19,587.41
2012-06-20,585.741
2012-06-21,577.67
2012-06-22,582.1
2012-06-25,570.765
2012-06-26,572.025
2012-06-27,574.5
2012-06-28,569.05
2012-06-29,584.0
2012-07-02,592.52
2012-07-03,599.41
2012-07-05,609.94
2012-07-06,605.88
2012-07-09,613.89
2012-07-10,608.21
2012-07-11,604.43
2012-07-12,598.9
2012-07-13,604.97
2012-07-16,606.91
2012-07-17,606.94
2012-07-18,606.26
2012-07-19,614.32
2012-07-20,604.3
2012-07-23,603.83
2012-07-24,600.92
2012-07-25,574.97
2012-07-26,574.88
2012-07-27,585.16
2012-07-30,595.03
2012-07-31,610.76
2012-08-01,606.81
2012-08-02,607.79
2012-08-03,615.7
2012-08-06,622.55
2012-08-07,620.914
2012-08-08,619.86
2012-08-09,620.73
2012-08-10,621.7
2012-08-13,630.0
2012-08-14,631.69
2012-08-15,630.83
2012-08-16,636.34
2012-08-17,648.11
2012-08-20,665.15
2012-08-21,656.062
2012-08-22,668.87
2012-08-23,662.63
2012-08-24,663.222
2012-08-27,675.68
2012-08-28,674.8
2012-08-29,673.466
2012-08-30,663.868
2012-08-31,665.24
2012-09-04,674.97
2012-09-05,670.23
2012-09-06,676.27
2012-09-07,680.44
2012-09-10,662.74
2012-09-11,660.59
2012-09-12,669.79
2012-09-13,682.98
2012-09-14,691.28
2012-09-17,699.781
2012-09-18,701.91
2012-09-19,702.1
2012-09-20,698.7
2012-09-21,700.095
2012-09-24,690.79
2012-09-25,673.54
2012-09-26,665.18
2012-09-27,681.32
2012-09-28,667.105
2012-10-01,659.39
2012-10-02,661.31
2012-10-03,671.45
2012-10-04,666.8
2012-10-05,652.59
2012-10-08,638.17
2012-10-09,635.85
2012-10-10,640.91
2012-10-11,628.1
2012-10-12,629.714
2012-10-15,634.76
2012-10-16,649.7925
2012-10-17,644.6136
2012-10-18,632.64
2012-10-19,609.84
2012-10-22,634.03
2012-10-23,613.3554
2012-10-24,616.83
2012-10-25,609.538
2012-10-26,604.0
2012-10-31,595.32
2012-11-01,596.5399
2012-11-02,576.8
2012-11-05,584.6211
2012-11-06,582.8495
2012-11-07,558.0019
2012-11-08,537.75
2012-11-09,547.06
2012-11-12,542.83
2012-11-13,542.898
2012-11-14,536.88
2012-11-15,525.62
2012-11-16,527.678
2012-11-19,565.73
2012-11-20,560.9134
2012-11-21,561.7
2012-11-23,571.5
2012-11-26,589.53
2012-11-27,584.78
2012-11-28,582.94
2012-11-29,589.36
2012-11-30,585.28
2012-12-03,586.19
2012-12-04,575.8454
2012-12-05,538.7923
2012-12-06,547.2445
2012-12-07,533.25
2012-12-10,529.8209
2012-12-11,541.388
2012-12-12,539.0
2012-12-13,529.69
2012-12-14,509.794
2012-12-17,518.83
2012-12-18,533.9
2012-12-19,526.31
2012-12-20,521.7302
2012-12-21,519.33
2012-12-24,520.168
2012-12-26,512.9995
2012-12-27,515.06
2012-12-28,509.5892
2012-12-31,532.1729
2013-01-02,549.03
2013-01-03,542.0959
2013-01-04,527.0
2013-01-07,523.9
2013-01-08,525.31
2013-01-09,517.1
2013-01-10,523.51
2013-01-11,520.3
2013-01-14,501.75
2013-01-15,485.92
2013-01-16,506.09
2013-01-17,502.68
2013-01-18,500.0
2013-01-22,504.77
2013-01-23,514.005
2013-01-24,450.5
2013-01-25,439.88
2013-01-28,449.83
2013-01-29,458.27
2013-01-30,456.83
2013-01-31,455.49
2013-02-01,453.62
2013-02-04,442.316
2013-02-05,457.844
2013-02-06,457.35
2013-02-07,468.22
2013-02-08,474.98
2013-02-11,479.93
2013-02-12,467.9
2013-02-13,467.01
2013-02-14,466.59
2013-02-15,460.16
2013-02-19,459.99
2013-02-20,448.85
2013-02-21,446.06
2013-02-22,450.81
2013-02-25,442.8
2013-02-26,448.97
2013-02-27,444.57
2013-02-28,441.4
2013-03-01,430.47
2013-03-04,420.05
2013-03-05,431.144
2013-03-06,425.662
2013-03-07,430.582
2013-03-08,431.72
2013-03-11,437.87
2013-03-12,428.43
2013-03-13,428.35
2013-03-14,432.5
2013-03-15,443.66
2013-03-18,455.72
2013-03-19,454.49
2013-03-20,452.08
2013-03-21,452.73
2013-03-22,461.91
2013-03-25,463.58
2013-03-26,461.136
2013-03-27,452.08
2013-03-28,442.66
2013-04-01,428.91
2013-04-02,429.792
2013-04-03,431.99
2013-04-04,427.72
2013-04-05,423.2
2013-04-08,426.21
2013-04-09,426.98
2013-04-10,435.69
2013-04-11,434.33
2013-04-12,429.8
2013-04-15,419.85
2013-04-16,426.24
2013-04-17,402.8
2013-04-18,392.05
2013-04-19,390.53
2013-04-22,398.67
2013-04-23,406.13
2013-04-24,405.462
2013-04-25,408.38
2013-04-26,417.205
2013-04-29,430.12
2013-04-30,442.78
2013-05-01,439.29
2013-05-02,445.52
2013-05-03,449.98
2013-05-06,460.71
2013-05-07,458.658
2013-05-08,463.84
2013-05-09,456.77
2013-05-10,452.97
2013-05-13,454.74
2013-05-14,443.86
2013-05-15,428.85
2013-05-16,434.578
2013-05-17,433.26
2013-05-20,442.93
2013-05-21,439.66
2013-05-22,441.354
2013-05-23,442.14
2013-05-24,445.15
2013-05-28,441.439
2013-05-29,444.95
2013-05-30,451.58
2013-05-31,449.735
2013-06-03,450.72
2013-06-04,449.31
2013-06-05,445.11
2013-06-06,438.46
2013-06-07,441.811
2013-06-10,438.89
2013-06-11,437.6
2013-06-12,432.19
2013-06-13,435.965
2013-06-14,430.05
2013-06-17,432.0
2013-06-18,431.77
2013-06-19,423.0
2013-06-20,416.838
2013-06-21,413.5
2013-06-24,402.54
2013-06-25,402.63
2013-06-26,398.07
2013-06-27,393.78
2013-06-28,396.53
2013-07-01,409.22
2013-07-02,418.49
2013-07-03,420.8
2013-07-05,417.42
2013-07-08,415.05
2013-07-09,422.35
2013-07-10,420.73
2013-07-11,427.288
2013-07-12,426.51
2013-07-15,427.44
2013-07-16,430.195
2013-07-17,430.31
2013-07-18,431.758
2013-07-19,424.95
2013-07-22,426.31
2013-07-23,418.99
2013-07-24,440.51
2013-07-25,438.5
2013-07-26,440.99
2013-07-29,447.79
2013-07-30,453.32
2013-07-31,452.53
2013-08-01,456.676
2013-08-02,462.54
2013-08-05,469.45
2013-08-06,465.25
2013-08-07,464.98
2013-08-08,461.01
2013-08-09,454.45
2013-08-12,467.36
2013-08-13,489.57
2013-08-14,498.5
2013-08-15,497.91
2013-08-16,502.33
2013-08-19,507.74
2013-08-20,501.07
2013-08-21,502.36
2013-08-22,502.96
2013-08-23,501.02
2013-08-26,502.97
2013-08-27,488.59
2013-08-28,490.896
2013-08-29,491.7
2013-08-30,487.216
2013-09-03,488.58
2013-09-04,498.691
2013-09-05,495.27
2013-09-06,498.22
2013-09-09,506.17
2013-09-10,494.64
2013-09-11,467.71
2013-09-12,472.69
2013-09-13,464.9
2013-09-16,450.12
2013-09-17,455.32
2013-09-18,464.68
2013-09-19,472.3
2013-09-20,467.41
2013-09-23,490.64
2013-09-24,489.1
2013-09-25,481.53
2013-09-26,486.22
2013-09-27,482.75
2013-09-30,476.75
2013-10-01,487.96
2013-10-02,489.56
2013-10-03,483.41
2013-10-04,483.03
2013-10-07,487.75
2013-10-08,480.94
2013-10-09,486.588
2013-10-10,489.638
2013-10-11,492.812
2013-10-14,496.04
2013-10-15,498.68
2013-10-16,501.114
2013-10-17,504.5
2013-10-18,508.89
2013-10-21,521.362
2013-10-22,519.8675
2013-10-23,524.96
2013-10-24,531.91
2013-10-25,525.958
2013-10-28,529.876
2013-10-29,516.678
2013-10-30,524.896
2013-10-31,522.702
2013-11-01,520.03
2013-11-04,526.75
2013-11-05,525.449
2013-11-06,520.92
2013-11-07,512.492
2013-11-08,520.56
2013-11-11,519.048
2013-11-12,520.01
2013-11-13,520.634
2013-11-14,528.16
2013-11-15,524.991
2013-11-18,518.629
2013-11-19,519.55
2013-11-20,515.0
2013-11-21,521.136
2013-11-22,519.8
2013-11-25,523.74
2013-11-26,533.4
2013-11-27,545.96
2013-11-29,556.07
2013-12-02,551.23
2013-12-03,566.322
2013-12-04,565.0
2013-12-05,567.901
2013-12-06,560.02
2013-12-09,566.43
2013-12-10,565.55
2013-12-11,561.36
2013-12-12,560.54
2013-12-13,554.43
2013-12-16,557.5
2013-12-17,554.99
2013-12-18,550.77
2013-12-19,544.46
2013-12-20,549.02
2013-12-23,570.09
2013-12-24,567.67
2013-12-26,563.9
2013-12-27,560.09
2013-12-30,554.52
2013-12-31,561.02
2014-01-02,553.13
2014-01-03,540.98
2014-01-06,543.93
2014-01-07,540.0375
2014-01-08,543.46
2014-01-09,536.519
2014-01-10,532.94
2014-01-13,535.73
2014-01-14,546.39
2014-01-15,557.36
2014-01-16,554.25
2014-01-17,540.67
2014-01-21,549.07
2014-01-22,551.51
2014-01-23,556.18
2014-01-24,546.07
2014-01-27,550.5
2014-01-28,506.5
2014-01-29,500.75
2014-01-30,499.782
2014-01-31,500.6
2014-02-03,501.53
2014-02-04,508.79
2014-02-05,512.59
2014-02-06,512.51
2014-02-07,519.68
2014-02-10,528.99
2014-02-11,535.96
2014-02-12,535.92
2014-02-13,544.43
2014-02-14,543.99
2014-02-18,545.99
2014-02-19,537.37
2014-02-20,531.15
2014-02-21,525.25
2014-02-24,527.55
2014-02-25,522.06
2014-02-26,517.35
2014-02-27,527.67
2014-02-28,526.24
2014-03-03,527.76
2014-03-04,531.24
2014-03-05,532.36
2014-03-06,530.75
2014-03-07,530.44
2014-03-10,530.92
2014-03-11,536.09
2014-03-12,536.61
2014-03-13,530.65
2014-03-14,524.69
2014-03-17,526.74
2014-03-18,531.4
2014-03-19,531.26
2014-03-20,528.7
2014-03-21,532.87
2014-03-24,539.19
2014-03-25,544.99
2014-03-26,539.78
2014-03-27,537.46
2014-03-28,536.86
2014-03-31,536.74
2014-04-01,541.65
2014-04-02,542.55
2014-04-03,538.79
2014-04-04,531.82
2014-04-07,523.47
2014-04-08,523.44
2014-04-09,530.32
2014-04-10,523.48
2014-04-11,519.61
2014-04-14,521.68
2014-04-15,517.9599
2014-04-16,519.01
2014-04-17,524.94
2014-04-21,531.17
2014-04-22,531.699
2014-04-23,524.75
2014-04-24,567.77
2014-04-25,571.94
2014-04-28,594.09
2014-04-29,592.33
2014-04-30,590.09
2014-05-01,591.48
2014-05-02,592.58
2014-05-05,600.96
2014-05-06,594.41
2014-05-07,592.33
2014-05-08,587.99
2014-05-09,585.5425
2014-05-12,592.83
2014-05-13,593.76
2014-05-14,593.87
2014-05-15,588.82
2014-05-16,597.51
2014-05-19,604.59
2014-05-20,604.71
2014-05-21,606.31
2014-05-22,607.27
2014-05-23,614.13
2014-05-27,625.63
2014-05-28,624.01
2014-05-29,635.38
2014-05-30,633.0
2014-06-02,628.65
2014-06-03,637.54
2014-06-04,644.82
2014-06-05,647.35
2014-06-06,645.57
2014-06-09,93.7
2014-06-10,94.25
2014-06-11,93.86
2014-06-12,92.29
2014-06-13,91.28
2014-06-16,92.2
2014-06-17,92.08
2014-06-18,92.18
2014-06-19,91.86
2014-06-20,90.91
2014-06-23,90.83
2014-06-24,90.28
2014-06-25,90.36
2014-06-26,90.9
2014-06-27,91.98
2014-06-30,92.93
2014-07-01,93.52
2014-07-02,93.48
2014-07-03,94.03
2014-07-07,95.968
2014-07-08,95.35
2014-07-09,95.39
2014-07-10,95.035
2014-07-11,95.22
2014-07-14,96.45
2014-07-15,95.32
2014-07-16,94.78
2014-07-17,93.0899
2014-07-18,94.43
2014-07-21,93.939
2014-07-22,94.72
2014-07-23,97.19
2014-07-24,97.03
2014-07-25,97.671
2014-07-28,99.02
2014-07-29,98.38
2014-07-30,98.15
2014-07-31,95.6
2014-08-01,96.13
2014-08-04,95.59
2014-08-05,95.12
2014-08-06,94.96
2014-08-07,94.48
2014-08-08,94.74
2014-08-11,95.99
2014-08-12,95.97
2014-08-13,97.24
2014-08-14,97.5
2014-08-15,97.98
2014-08-18,99.16
2014-08-19,100.53
2014-08-20,100.57
2014-08-21,100.58
2014-08-22,101.32
2014-08-25,101.54
2014-08-26,100.889
2014-08-27,102.13
2014-08-28,102.25
2014-08-29,102.5
2014-09-02,103.3
2014-09-03,98.94
2014-09-04,98.12
2014-09-05,98.97
2014-09-08,98.36
2014-09-09,97.99
2014-09-10,101.0
2014-09-11,101.43
2014-09-12,101.66
2014-09-15,101.63
2014-09-16,100.86
2014-09-17,101.58
2014-09-18,101.79
2014-09-19,100.96
2014-09-22,101.06
2014-09-23,102.64
2014-09-24,101.75
2014-09-25,97.87
2014-09-26,100.75
2014-09-29,100.11
2014-09-30,100.75
2014-10-01,99.18
2014-10-02,99.9
2014-10-03,99.62
2014-10-06,99.62
2014-10-07,98.75
2014-10-08,100.8
2014-10-09,101.02
2014-10-10,100.73
2014-10-13,99.81
2014-10-14,98.75
2014-10-15,97.54
2014-10-16,96.26
2014-10-17,97.67
2014-10-20,99.76
2014-10-21,102.47
2014-10-22,102.99
2014-10-23,104.83
2014-10-24,105.22
2014-10-27,105.11
2014-10-28,106.74
2014-10-29,107.34
2014-10-30,106.98
2014-10-31,108.0
2014-11-03,109.4
2014-11-04,108.6
2014-11-05,108.86
2014-11-06,108.7
2014-11-07,109.01
2014-11-10,108.83
2014-11-11,109.7
2014-11-12,111.25
2014-11-13,112.82
2014-11-14,114.18
2014-11-17,113.99
2014-11-18,115.47
2014-11-19,114.67
2014-11-20,116.31
2014-11-21,116.47
2014-11-24,118.625
2014-11-25,117.6
2014-11-26,119.0
2014-11-28,118.93
2014-12-01,115.07
2014-12-02,114.63
2014-12-03,115.93
2014-12-04,115.49
2014-12-05,115.0
2014-12-08,112.4
2014-12-09,114.12
2014-12-10,111.95
2014-12-11,111.62
2014-12-12,109.73
2014-12-15,108.225
2014-12-16,106.745
2014-12-17,109.41
2014-12-18,112.65
2014-12-19,111.78
2014-12-22,112.94
2014-12-23,112.54
2014-12-24,112.01
2014-12-26,113.99
2014-12-29,113.91
2014-12-30,112.52
2014-12-31,110.38
2015-01-02,109.33
2015-01-05,106.25
2015-01-06,106.26
2015-01-07,107.75
2015-01-08,111.89
2015-01-09,112.01
2015-01-12,109.25
2015-01-13,110.22
2015-01-14,109.8
2015-01-15,106.82
2015-01-16,105.99
2015-01-20,108.72
2015-01-21,109.55
2015-01-22,112.4
2015-01-23,112.98
2015-01-26,113.1
2015-01-27,109.14
2015-01-28,115.31
2015-01-29,118.9
2015-01-30,117.16
2015-02-02,118.63
2015-02-03,118.65
2015-02-04,119.56
2015-02-05,119.94
2015-02-06,118.93
2015-02-09,119.72
2015-02-10,122.02
2015-02-11,124.88
2015-02-12,126.46
2015-02-13,127.08
2015-02-17,127.83
2015-02-18,128.715
2015-02-19,128.45
2015-02-20,129.495
2015-02-23,133.0
2015-02-24,132.17
2015-02-25,128.79
2015-02-26,130.415
2015-02-27,128.46
2015-03-02,129.09
2015-03-03,129.36
2015-03-04,128.54
2015-03-05,126.41
2015-03-06,126.6
2015-03-09,127.14
2015-03-10,124.51
2015-03-11,122.24
2015-03-12,124.45
2015-03-13,123.59
2015-03-16,124.95
2015-03-17,127.04
2015-03-18,128.47
2015-03-19,127.495
2015-03-20,125.9
2015-03-23,127.21
2015-03-24,126.69
2015-03-25,123.38
2015-03-26,124.24
2015-03-27,123.25
2015-03-30,126.37
2015-03-31,124.43
2015-04-01,124.25
2015-04-02,125.32
2015-04-06,127.35
2015-04-07,126.01
2015-04-08,125.6
2015-04-09,126.56
2015-04-10,127.1
2015-04-13,126.85
2015-04-14,126.3
2015-04-15,126.78
2015-04-16,126.17
2015-04-17,124.75
2015-04-20,127.6
2015-04-21,126.91
2015-04-22,128.62
2015-04-23,129.67
2015-04-24,130.28
2015-04-27,132.65
2015-04-28,130.56
2015-04-29,128.64
2015-04-30,125.15
2015-05-01,128.95
2015-05-04,128.7
2015-05-05,125.8
2015-05-06,125.01
2015-05-07,125.26
2015-05-08,127.62
2015-05-11,126.32
2015-05-12,125.865
2015-05-13,126.01
2015-05-14,128.95
2015-05-15,128.77
2015-05-18,130.19
2015-05-19,130.07
2015-05-20,130.06
2015-05-21,131.39
2015-05-22,132.54
2015-05-26,129.62
2015-05-27,132.045
2015-05-28,131.78
2015-05-29,130.28
2015-06-01,130.535
2015-06-02,129.96
2015-06-03,130.12
2015-06-04,129.36
2015-06-05,128.65
2015-06-08,127.8
2015-06-09,127.42
2015-06-10,128.88
2015-06-11,128.59
2015-06-12,127.17
2015-06-15,126.92
2015-06-16,127.6
2015-06-17,127.3
2015-06-18,127.88
2015-06-19,126.6
2015-06-22,127.61
2015-06-23,127.03
2015-06-24,128.11
2015-06-25,127.5
2015-06-26,126.75
2015-06-29,124.53
2015-06-30,125.425
2015-07-01,126.6
2015-07-02,126.44
2015-07-06,126.0
2015-07-07,125.69
2015-07-08,122.57
2015-07-09,120.07
2015-07-10,123.28
2015-07-13,125.66
2015-07-14,125.61
2015-07-15,126.82
2015-07-16,128.51
2015-07-17,129.62
2015-07-20,132.07
2015-07-21,130.75
2015-07-22,125.22
2015-07-23,125.16
2015-07-24,124.5
2015-07-27,122.77
2015-07-28,123.38
2015-07-29,122.99
2015-07-30,122.37
2015-07-31,121.3
2015-08-03,118.44
2015-08-04,114.64
2015-08-05,115.4
2015-08-06,115.13
2015-08-07,115.52
2015-08-10,119.72
2015-08-11,113.49
2015-08-12,115.24
2015-08-13,115.15
2015-08-14,115.96
2015-08-17,117.16
2015-08-18,116.5
2015-08-19,115.01
2015-08-20,112.65
2015-08-21,105.76
2015-08-24,103.12
2015-08-25,103.74
2015-08-26,109.69
2015-08-27,112.92
2015-08-28,113.29
2015-08-31,112.76
2015-09-01,107.72
2015-09-02,112.34
2015-09-03,110.37
2015-09-04,109.27
2015-09-08,112.31
2015-09-09,110.15
2015-09-10,112.57
2015-09-11,114.21
2015-09-14,115.31
2015-09-15,116.28
2015-09-16,116.41
2015-09-17,113.92
2015-09-18,113.45
2015-09-21,115.21
2015-09-22,113.4
2015-09-23,114.32
2015-09-24,115.0
2015-09-25,114.71
2015-09-28,112.44
2015-09-29,109.06
2015-09-30,109.95
2015-10-01,109.58
2015-10-02,110.38
2015-10-05,110.78
2015-10-06,111.31
2015-10-07,110.78
2015-10-08,109.5
2015-10-09,112.12
2015-10-12,111.6
2015-10-13,111.79
2015-10-14,110.21
2015-10-15,111.86
2015-10-16,111.04
2015-10-19,111.73
2015-10-20,113.77
2015-10-21,113.76
2015-10-22,115.5
2015-10-23,119.08
2015-10-26,115.28
2015-10-27,114.55
2015-10-28,119.27
2015-10-29,120.53
2015-10-30,119.5
2015-11-02,121.18
2015-11-03,122.57
2015-11-04,122.0
2015-11-05,120.92
2015-11-06,121.06
2015-11-09,120.57
2015-11-10,116.77
2015-11-11,116.11
2015-11-12,115.72
2015-11-13,112.34
2015-11-16,114.175
2015-11-17,113.69
2015-11-18,117.29
2015-11-19,118.78
2015-11-20,119.3
2015-11-23,117.75
2015-11-24,118.88
2015-11-25,118.03
2015-11-27,117.81
2015-11-30,118.3
2015-12-01,117.34
2015-12-02,116.28
2015-12-03,115.2
2015-12-04,119.03
2015-12-07,118.28
2015-12-08,118.23
2015-12-09,115.62
2015-12-10,116.17
2015-12-11,113.18
2015-12-14,112.48
2015-12-15,110.49
2015-12-16,111.34
2015-12-17,108.98
2015-12-18,106.03
2015-12-21,107.33
2015-12-22,107.23
2015-12-23,108.61
2015-12-24,108.03
2015-12-28,106.82
2015-12-29,108.74
2015-12-30,107.32
2015-12-31,105.26
2016-01-04,105.35
2016-01-05,102.71
2016-01-06,100.7
2016-01-07,96.45
2016-01-08,96.96
2016-01-11,98.53
2016-01-12,99.96
2016-01-13,97.39
2016-01-14,99.52
2016-01-15,97.13
2016-01-19,96.66
2016-01-20,96.79
2016-01-21,96.3
2016-01-22,101.42
2016-01-25,99.44
2016-01-26,99.99
2016-01-27,93.42
2016-01-28,94.09
2016-01-29,97.34
2016-02-01,96.43
2016-02-02,94.48
2016-02-03,96.35
2016-02-04,96.6
2016-02-05,94.02
2016-02-08,95.01
2016-02-09,94.99
2016-02-10,94.27
2016-02-11,93.7
2016-02-12,93.99
2016-02-16,96.64
2016-02-17,98.12
2016-02-18,96.26
2016-02-19,96.04
2016-02-22,96.88
2016-02-23,94.69
2016-02-24,96.1
2016-02-25,96.76
2016-02-26,96.91
2016-02-29,96.69
2016-03-01,100.53
2016-03-02,100.75
2016-03-03,101.5
2016-03-04,103.01
2016-03-07,101.87
2016-03-08,101.03
2016-03-09,101.12
2016-03-10,101.17
2016-03-11,102.26
2016-03-14,102.52
2016-03-15,104.58
2016-03-16,105.97
2016-03-17,105.8
2016-03-18,105.92
2016-03-21,105.91
2016-03-22,106.72
2016-03-23,106.13
2016-03-24,105.67
2016-03-28,105.19
2016-03-29,107.68
2016-03-30,109.56
2016-03-31,108.99
2016-04-01,109.99
2016-04-04,111.12
2016-04-05,109.81
2016-04-06,110.96
2016-04-07,108.54
2016-04-08,108.66
2016-04-11,109.02
2016-04-12,110.44
2016-04-13,112.04
2016-04-14,112.1
2016-04-15,109.85
2016-04-18,107.48
2016-04-19,106.91
2016-04-20,107.13
2016-04-21,105.97
2016-04-22,105.68
2016-04-25,105.08
2016-04-26,104.35
2016-04-27,97.82
2016-04-28,94.83
2016-04-29,93.74
2016-05-02,93.64
2016-05-03,95.18
2016-05-04,94.19
2016-05-05,93.24
2016-05-06,92.72
2016-05-09,92.79
2016-05-10,93.42
2016-05-11,92.51
2016-05-12,90.34
2016-05-13,90.52
2016-05-16,93.88
2016-05-17,93.49
2016-05-18,94.56
2016-05-19,94.2
2016-05-20,95.22
2016-05-23,96.43
2016-05-24,97.9
2016-05-25,99.62
2016-05-26,100.41
2016-05-27,100.35
2016-05-31,99.86
2016-06-01,98.46
2016-06-02,97.72
2016-06-03,97.92
2016-06-06,98.63
2016-06-07,99.03
2016-06-08,98.94
2016-06-09,99.65
2016-06-10,98.83
2016-06-13,97.34
2016-06-14,97.46
2016-06-15,97.14
2016-06-16,97.55
2016-06-17,95.33
2016-06-20,95.1
2016-06-21,95.91
2016-06-22,95.55
2016-06-23,96.1
2016-06-24,93.4
2016-06-27,92.04
2016-06-28,93.59
2016-06-29,94.4
2016-06-30,95.6
2016-07-01,95.89
2016-07-05,94.99
2016-07-06,95.53
2016-07-07,95.94
2016-07-08,96.68
2016-07-11,96.98
2016-07-12,97.42
2016-07-13,96.87
2016-07-14,98.79
2016-07-15,98.78
2016-07-18,99.83
2016-07-19,99.87
2016-07-20,99.96
2016-07-21,99.43
2016-07-22,98.66
2016-07-25,97.34
2016-07-26,96.67
2016-07-27,102.95
2016-07-28,104.34
2016-07-29,104.21
2016-08-01,106.05
2016-08-02,104.48
2016-08-03,105.79
2016-08-04,105.87
2016-08-05,107.48
2016-08-08,108.37
2016-08-09,108.81
2016-08-10,108.0
2016-08-11,107.93
2016-08-12,108.18
2016-08-15,109.48
2016-08-16,109.38
2016-08-17,109.22
2016-08-18,109.08
2016-08-19,109.36
2016-08-22,108.51
2016-08-23,108.85
2016-08-24,108.03
2016-08-25,107.57
2016-08-26,106.94
2016-08-29,106.82
2016-08-30,106.0
2016-08-31,106.1
2016-09-01,106.73
2016-09-02,107.73
2016-09-06,107.7
2016-09-07,108.36
2016-09-08,105.52
2016-09-09,103.13
2016-09-12,105.44
2016-09-13,107.95
2016-09-14,111.77
2016-09-15,115.57
2016-09-16,114.92
2016-09-19,113.58
2016-09-20,113.57
2016-09-21,113.55
2016-09-22,114.62
2016-09-23,112.71
2016-09-26,112.88
2016-09-27,113.09
2016-09-28,113.95
2016-09-29,112.18
2016-09-30,113.05
2016-10-03,112.52
2016-10-04,113.0
2016-10-05,113.05
2016-10-06,113.89
2016-10-07,114.06
2016-10-10,116.05
2016-10-11,116.3
2016-10-12,117.34
2016-10-13,116.98
2016-10-14,117.63
2016-10-17,117.55
2016-10-18,117.47
2016-10-19,117.12
2016-10-20,117.06
2016-10-21,116.6
2016-10-24,117.65
2016-10-25,118.25
2016-10-26,115.59
2016-10-27,114.48
2016-10-28,113.72
2016-10-31,113.54
2016-11-01,111.49
2016-11-02,111.59
2016-11-03,109.83
2016-11-04,108.84
2016-11-07,110.41
2016-11-08,111.06
2016-11-09,110.88
2016-11-10,107.79
2016-11-11,108.43
2016-11-14,105.71
2016-11-15,107.11
2016-11-16,109.99
2016-11-17,109.95
2016-11-18,110.06
2016-11-21,111.73
2016-11-22,111.8
2016-11-23,111.23
2016-11-25,111.79
2016-11-28,111.57
2016-11-29,111.46
2016-11-30,110.52
2016-12-01,109.49
2016-12-02,109.9
2016-12-05,109.11
2016-12-06,109.95
2016-12-07,111.03
2016-12-08,112.12
2016-12-09,113.95
2016-12-12,113.3
2016-12-13,115.19
2016-12-14,115.19
2016-12-15,115.82
2016-12-16,115.97
2016-12-19,116.64
2016-12-20,116.95
2016-12-21,117.06
2016-12-22,116.29
2016-12-23,116.52
2016-12-27,117.26
2016-12-28,116.76
2016-12-29,116.73
2016-12-30,115.82
2017-01-03,116.15
2017-01-04,116.02
2017-01-05,116.61
2017-01-06,117.91
2017-01-09,118.99
2017-01-10,119.11
2017-01-11,119.75
2017-01-12,119.25
2017-01-13,119.04
2017-01-17,120.0
2017-01-18,119.99
2017-01-19,119.78
2017-01-20,120.0
2017-01-23,120.08
2017-01-24,119.97
2017-01-25,121.88
2017-01-26,121.94
2017-01-27,121.95
2017-01-30,121.63
2017-01-31,121.35
2017-02-01,128.75
2017-02-02,128.53
2017-02-03,129.08
2017-02-06,130.29
2017-02-07,131.53
2017-02-08,132.04
2017-02-09,132.42
2017-02-10,132.12
2017-02-13,133.29
2017-02-14,135.02
2017-02-15,135.51
2017-02-16,135.345
2017-02-17,135.72
2017-02-21,136.7
2017-02-22,137.11
2017-02-23,136.53
2017-02-24,136.66
2017-02-27,136.93
2017-02-28,136.99
2017-03-01,139.79
2017-03-02,138.96
2017-03-03,139.78
2017-03-06,139.34
2017-03-07,139.52
2017-03-08,139.0
2017-03-09,138.68
2017-03-10,139.14
2017-03-13,139.2
2017-03-14,138.99
2017-03-15,140.46
2017-03-16,140.69
2017-03-17,139.99
2017-03-20,141.46
2017-03-21,139.84
2017-03-22,141.42
2017-03-23,140.92
2017-03-24,140.64
2017-03-27,140.88
2017-03-28,143.8
2017-03-29,144.12
2017-03-30,143.93
2017-03-31,143.66
2017-04-03,143.7
2017-04-04,144.77
2017-04-05,144.02
2017-04-06,143.66
2017-04-07,143.34
2017-04-10,143.17
2017-04-11,141.63
2017-04-12,141.8
2017-04-13,141.05
2017-04-17,141.83
2017-04-18,141.2
2017-04-19,140.68
2017-04-20,142.44
2017-04-21,142.27
2017-04-24,143.64
2017-04-25,144.54
2017-04-26,143.6508
2017-04-27,143.79
2017-04-28,143.65
2017-05-01,146.6
2017-05-02,147.51
2017-05-03,147.06
2017-05-04,146.53
2017-05-05,148.96
2017-05-08,153.0
2017-05-09,153.96
2017-05-10,153.26
2017-05-11,153.95
2017-05-12,156.1
2017-05-15,155.7
2017-05-16,155.47
2017-05-17,150.25
2017-05-18,152.54
2017-05-19,152.96
2017-05-22,153.99
2017-05-23,153.8
2017-05-24,153.34
2017-05-25,153.87
2017-05-26,153.61
2017-05-30,153.67
2017-05-31,152.76
2017-06-01,153.18
2017-06-02,155.45
2017-06-05,153.93
2017-06-06,154.45
2017-06-07,155.37
2017-06-08,154.99
2017-06-09,148.98
2017-06-12,145.32
2017-06-13,146.59
2017-06-14,145.16
2017-06-15,144.29
2017-06-16,142.27
2017-06-19,146.34
2017-06-20,145.01
2017-06-21,145.87
2017-06-22,145.63
2017-06-23,146.35
2017-06-26,145.82
2017-06-27,143.74
2017-06-28,145.83
2017-06-29,143.68
2017-06-30,144.02
2017-07-03,143.5
2017-07-05,144.09
2017-07-06,142.73
2017-07-07,144.18
2017-07-10,145.06
2017-07-11,145.53
2017-07-12,145.74
2017-07-13,147.77
2017-07-14,149.04
2017-07-17,149.56
2017-07-18,150.08
2017-07-19,151.02
2017-07-20,150.34
2017-07-21,150.27
2017-07-24,152.09
2017-07-25,152.74
2017-07-26,153.46
2017-07-27,150.56
2017-07-28,149.5
2017-07-31,148.85
2017-08-01,150.05
2017-08-02,157.14
2017-08-03,155.57
2017-08-04,156.39
2017-08-08,160.08
2017-08-09,161.06
2017-08-10,155.27
2017-08-11,157.48
2017-08-14,159.85
2017-08-15,161.6
2017-08-16,160.95
2017-08-17,157.87
2017-08-18,157.5
2017-08-21,157.21
2017-08-22,159.78
2017-08-23,159.98
2017-08-24,159.27
2017-08-25,159.86
2017-08-28,161.47
2017-08-29,162.91
2017-08-30,163.35
2017-08-31,164.0
2017-09-01,164.05
2017-09-05,162.08
2017-09-06,161.91
2017-09-07,161.26
2017-09-08,158.63
2017-09-11,161.5
2017-09-12,160.82
2017-09-13,159.65
2017-09-14,158.28
2017-09-15,159.88
2017-09-18,158.67
2017-09-19,158.73
2017-09-20,156.07
2017-09-21,153.39
2017-09-22,151.89
2017-09-25,150.55
2017-09-26,153.14
2017-09-27,154.23
2017-09-28,153.28
2017-09-29,154.12
2017-10-02,153.81
2017-10-03,154.48
2017-10-04,153.4508
2017-10-05,155.39
2017-10-06,155.3
2017-10-09,155.84
2017-10-10,155.9
2017-10-11,156.55
2017-10-12,156.0
2017-10-13,156.99
2017-10-16,159.88
2017-10-17,160.47
2017-10-18,159.76
2017-10-19,155.98
2017-10-20,156.16
2017-10-23,156.17
2017-10-24,157.1
2017-10-25,156.405
2017-10-26,157.41
2017-10-27,163.05
2017-10-30,166.72
2017-10-31,169.04
2017-11-01,166.89
2017-11-02,168.11
2017-11-03,172.5
2017-11-06,174.25
2017-11-07,174.81
2017-11-09,175.88
2017-11-10,174.67
2017-11-13,173.97
2017-11-14,171.34
2017-11-15,169.08
2017-11-16,171.1
2017-11-17,170.15
2017-11-20,169.98
2017-11-21,173.14
2017-11-22,174.96
2017-11-24,174.97
2017-11-27,174.09
2017-11-28,173.07
2017-11-29,169.48
2017-11-30,171.85
2017-12-01,171.05
2017-12-04,169.8
2017-12-05,169.64
2017-12-06,169.01
2017-12-07,169.452
2017-12-08,169.37
2017-12-11,172.67
2017-12-12,171.7
2017-12-13,172.27
2017-12-14,172.22
2017-12-15,173.87
2017-12-18,176.42
2017-12-19,174.54
2017-12-20,174.35
2017-12-21,175.01
2017-12-22,175.01
2017-12-26,170.57
2017-12-27,170.6
2017-12-28,171.08
2017-12-29,169.23
2018-01-02,172.26
2018-01-03,172.23
2018-01-04,173.03
2018-01-05,175.0
2018-01-08,174.35
2018-01-09,174.33
2018-01-10,174.29
2018-01-11,175.28
2018-01-12,177.09
2018-01-16,176.19
2018-01-17,179.1
2018-01-18,179.26
2018-01-19,178.46
2018-01-22,177.0
2018-01-23,177.04
2018-01-24,174.22
2018-01-25,171.11
2018-01-26,171.51
2018-01-29,167.96
2018-01-30,166.97
2018-01-31,167.43
2018-02-01,167.78
2018-02-02,160.37
2018-02-05,157.49
2018-02-06,163.03
2018-02-07,159.54
2018-02-08,155.32
2018-02-09,155.97
2018-02-12,162.71
2018-02-13,164.34
2018-02-14,167.37
2018-02-15,172.99
2018-02-16,172.43
2018-02-20,171.85
2018-02-21,171.07
2018-02-22,172.6
2018-02-23,175.555
2018-02-26,178.97
2018-02-27,178.39
2018-02-28,178.12
2018-03-01,175.0
2018-03-02,176.21
2018-03-05,176.82
2018-03-06,176.67
2018-03-07,175.03
2018-03-08,176.94
2018-03-09,179.98
2018-03-12,181.72
2018-03-13,179.97
2018-03-14,178.44
2018-03-15,178.65
2018-03-16,178.02
2018-03-19,175.3
2018-03-20,175.24
2018-03-21,171.27
2018-03-22,168.845
2018-03-23,164.94
2018-03-26,172.77
2018-03-27,168.34
